record_id,source_id,sample,cohort,split,inputs_json,observations_json,evidence_ids,notes
kim_2022:PP,kim_2022,PP,PP_BNNT_LiTFSI_DOL_DME,train,"{""substrate"": ""PP"", ""bn_form"": ""none"", ""loading_mg_cm2"": 0, ""binder"": ""none"", ""bn_binder_ratio"": null, ""solvent"": ""none"", ""dry_temperature_c"": null, ""dry_hours"": null, ""sonication_hours"": null, ""stirring"": null, ""electrolyte"": ""1 M LiTFSI + 1 wt% LiNO3; DOL:DME 1:1 v/v"", ""test_temperature_c"": null}","{""ionic_conductivity"": {""value"": 0.43, ""unit"": ""mS/cm"", ""evidence_id"": ""kim_2022:conductivity"", ""conditions"": {""electrolyte"": ""1 M LiTFSI + 1 wt% LiNO3; DOL:DME 1:1 v/v"", ""temperature_c"": null, ""temperature_note"": ""Not specified for this EIS measurement in the extracted text."", ""cell"": ""Al symmetric EIS""}, ""qualifier"": ""reported""}}",kim_2022:recipe|kim_2022:electrolyte|kim_2022:conductivity|kim_2022:diffusion|kim_2022:one_mg_samples,Loading unit corroborated in the diffusion paragraph; unlisted curve values are not extracted. The conclusion reports 0.50 mS/cm without explicit sample identity; that value is quarantined.
kim_2022:BNNT-PP-0.3,kim_2022,BNNT-PP-0.3,PP_BNNT_LiTFSI_DOL_DME,train,"{""substrate"": ""PP"", ""bn_form"": ""raw_BNNT"", ""loading_mg_cm2"": 0.3, ""binder"": ""PVDF"", ""bn_binder_ratio"": 4.0, ""solvent"": ""NMP"", ""dry_temperature_c"": 50.0, ""dry_hours"": 24.0, ""sonication_hours"": 1.0, ""stirring"": ""overnight"", ""electrolyte"": ""1 M LiTFSI + 1 wt% LiNO3; DOL:DME 1:1 v/v"", ""test_temperature_c"": null}","{""ionic_conductivity"": {""value"": 0.71, ""unit"": ""mS/cm"", ""evidence_id"": ""kim_2022:conductivity"", ""conditions"": {""electrolyte"": ""1 M LiTFSI + 1 wt% LiNO3; DOL:DME 1:1 v/v"", ""temperature_c"": null, ""temperature_note"": ""Not specified for this EIS measurement in the extracted text."", ""cell"": ""Al symmetric EIS""}, ""qualifier"": ""reported""}}",kim_2022:recipe|kim_2022:electrolyte|kim_2022:conductivity|kim_2022:diffusion|kim_2022:one_mg_samples,Loading unit corroborated in the diffusion paragraph; unlisted curve values are not extracted. The conclusion reports 0.50 mS/cm without explicit sample identity; that value is quarantined.
kim_2022:BNNT-PP-1.0,kim_2022,BNNT-PP-1.0,PP_BNNT_LiTFSI_DOL_DME,context,"{""substrate"": ""PP"", ""bn_form"": ""raw_BNNT"", ""loading_mg_cm2"": 1.0, ""binder"": ""PVDF"", ""bn_binder_ratio"": 4.0, ""solvent"": ""NMP"", ""dry_temperature_c"": 50.0, ""dry_hours"": 24.0, ""sonication_hours"": 1.0, ""stirring"": ""overnight"", ""electrolyte"": ""1 M LiTFSI + 1 wt% LiNO3; DOL:DME 1:1 v/v"", ""test_temperature_c"": null}",{},kim_2022:recipe|kim_2022:electrolyte|kim_2022:conductivity|kim_2022:diffusion|kim_2022:one_mg_samples,Loading unit corroborated in the diffusion paragraph; unlisted curve values are not extracted. The conclusion reports 0.50 mS/cm without explicit sample identity; that value is quarantined.
kim_2022:p-BNNT-PP-0.3,kim_2022,p-BNNT-PP-0.3,PP_BNNT_LiTFSI_DOL_DME,context,"{""substrate"": ""PP"", ""bn_form"": ""purified_BNNT"", ""loading_mg_cm2"": 0.3, ""binder"": ""PVDF"", ""bn_binder_ratio"": 4.0, ""solvent"": ""NMP"", ""dry_temperature_c"": 50.0, ""dry_hours"": 24.0, ""sonication_hours"": 1.0, ""stirring"": ""overnight"", ""electrolyte"": ""1 M LiTFSI + 1 wt% LiNO3; DOL:DME 1:1 v/v"", ""test_temperature_c"": null}",{},kim_2022:recipe|kim_2022:electrolyte|kim_2022:conductivity|kim_2022:diffusion|kim_2022:one_mg_samples,Loading unit corroborated in the diffusion paragraph; unlisted curve values are not extracted. The conclusion reports 0.50 mS/cm without explicit sample identity; that value is quarantined.
kim_2022:p-BNNT-PP-0.5,kim_2022,p-BNNT-PP-0.5,PP_BNNT_LiTFSI_DOL_DME,test,"{""substrate"": ""PP"", ""bn_form"": ""purified_BNNT"", ""loading_mg_cm2"": 0.5, ""binder"": ""PVDF"", ""bn_binder_ratio"": 4.0, ""solvent"": ""NMP"", ""dry_temperature_c"": 50.0, ""dry_hours"": 24.0, ""sonication_hours"": 1.0, ""stirring"": ""overnight"", ""electrolyte"": ""1 M LiTFSI + 1 wt% LiNO3; DOL:DME 1:1 v/v"", ""test_temperature_c"": null}","{""ionic_conductivity"": {""value"": 0.84, ""unit"": ""mS/cm"", ""evidence_id"": ""kim_2022:conductivity"", ""conditions"": {""electrolyte"": ""1 M LiTFSI + 1 wt% LiNO3; DOL:DME 1:1 v/v"", ""temperature_c"": null, ""temperature_note"": ""Not specified for this EIS measurement in the extracted text."", ""cell"": ""Al symmetric EIS""}, ""qualifier"": ""reported""}}",kim_2022:recipe|kim_2022:electrolyte|kim_2022:conductivity|kim_2022:diffusion|kim_2022:one_mg_samples,Loading unit corroborated in the diffusion paragraph; unlisted curve values are not extracted. The conclusion reports 0.50 mS/cm without explicit sample identity; that value is quarantined.
kim_2022:p-BNNT-PP-1.0,kim_2022,p-BNNT-PP-1.0,PP_BNNT_LiTFSI_DOL_DME,context,"{""substrate"": ""PP"", ""bn_form"": ""purified_BNNT"", ""loading_mg_cm2"": 1.0, ""binder"": ""PVDF"", ""bn_binder_ratio"": 4.0, ""solvent"": ""NMP"", ""dry_temperature_c"": 50.0, ""dry_hours"": 24.0, ""sonication_hours"": 1.0, ""stirring"": ""overnight"", ""electrolyte"": ""1 M LiTFSI + 1 wt% LiNO3; DOL:DME 1:1 v/v"", ""test_temperature_c"": null}",{},kim_2022:recipe|kim_2022:electrolyte|kim_2022:conductivity|kim_2022:diffusion|kim_2022:one_mg_samples,Loading unit corroborated in the diffusion paragraph; unlisted curve values are not extracted. The conclusion reports 0.50 mS/cm without explicit sample identity; that value is quarantined.
kim_2022:p-BNNT-PP-2.0,kim_2022,p-BNNT-PP-2.0,PP_BNNT_LiTFSI_DOL_DME,context,"{""substrate"": ""PP"", ""bn_form"": ""purified_BNNT"", ""loading_mg_cm2"": 2.0, ""binder"": ""PVDF"", ""bn_binder_ratio"": 4.0, ""solvent"": ""NMP"", ""dry_temperature_c"": 50.0, ""dry_hours"": 24.0, ""sonication_hours"": 1.0, ""stirring"": ""overnight"", ""electrolyte"": ""1 M LiTFSI + 1 wt% LiNO3; DOL:DME 1:1 v/v"", ""test_temperature_c"": null}",{},kim_2022:recipe|kim_2022:electrolyte|kim_2022:conductivity|kim_2022:diffusion|kim_2022:one_mg_samples,Loading unit corroborated in the diffusion paragraph; unlisted curve values are not extracted. The conclusion reports 0.50 mS/cm without explicit sample identity; that value is quarantined.
kim_2022:p-BNNT-PP-3.0,kim_2022,p-BNNT-PP-3.0,PP_BNNT_LiTFSI_DOL_DME,context,"{""substrate"": ""PP"", ""bn_form"": ""purified_BNNT"", ""loading_mg_cm2"": 3.0, ""binder"": ""PVDF"", ""bn_binder_ratio"": 4.0, ""solvent"": ""NMP"", ""dry_temperature_c"": 50.0, ""dry_hours"": 24.0, ""sonication_hours"": 1.0, ""stirring"": ""overnight"", ""electrolyte"": ""1 M LiTFSI + 1 wt% LiNO3; DOL:DME 1:1 v/v"", ""test_temperature_c"": null}",{},kim_2022:recipe|kim_2022:electrolyte|kim_2022:conductivity|kim_2022:diffusion|kim_2022:one_mg_samples,Loading unit corroborated in the diffusion paragraph; unlisted curve values are not extracted. The conclusion reports 0.50 mS/cm without explicit sample identity; that value is quarantined.
tian_2024:CA,tian_2024,CA,CA_BN_LiPF6_carbonates,context,"{""substrate"": ""calcium_alginate"", ""bn_form"": ""none"", ""binder"": ""none"", ""bn_binder_ratio"": null, ""ratio_basis"": ""Reported powder ratio; mass basis not explicitly stated."", ""solvent"": ""water"", ""applicator_gap_um"": 0, ""dry_temperature_c"": null, ""dry_hours"": null, ""coating_sides"": null, ""electrolyte"": ""1 M LiPF6; EC:DMC:DEC 1:1:1 v/v/v"", ""test_temperature_c"": 65.0}","{""final_thickness"": {""value"": 73, ""unit"": ""um"", ""evidence_id"": ""tian_2024:thickness"", ""conditions"": {""state"": ""after_fabrication""}, ""qualifier"": ""reported""}}",tian_2024:recipe|tian_2024:base|tian_2024:thickness|tian_2024:electrolyte|tian_2024:conductivity,Applicator setting differs from measured final thickness. Coating side and drying duration are unspecified; failure recipe retained with unspecified geometry. Transference number conflict is quarantined.
tian_2024:CA@BN-50,tian_2024,CA@BN-50,CA_BN_LiPF6_carbonates,context,"{""substrate"": ""calcium_alginate"", ""bn_form"": ""BN_nanopowder"", ""binder"": ""PVDF"", ""bn_binder_ratio"": 4.0, ""ratio_basis"": ""Reported powder ratio; mass basis not explicitly stated."", ""solvent"": ""DMF"", ""applicator_gap_um"": 50, ""dry_temperature_c"": 60.0, ""dry_hours"": null, ""coating_sides"": null, ""electrolyte"": ""1 M LiPF6; EC:DMC:DEC 1:1:1 v/v/v"", ""test_temperature_c"": 65.0}","{""final_thickness"": {""value"": 88, ""unit"": ""um"", ""evidence_id"": ""tian_2024:thickness"", ""conditions"": {""state"": ""after_fabrication""}, ""qualifier"": ""reported""}}",tian_2024:recipe|tian_2024:base|tian_2024:thickness|tian_2024:electrolyte|tian_2024:conductivity,Applicator setting differs from measured final thickness. Coating side and drying duration are unspecified; failure recipe retained with unspecified geometry. Transference number conflict is quarantined.
tian_2024:CA@BN-100,tian_2024,CA@BN-100,CA_BN_LiPF6_carbonates,context,"{""substrate"": ""calcium_alginate"", ""bn_form"": ""BN_nanopowder"", ""binder"": ""PVDF"", ""bn_binder_ratio"": 4.0, ""ratio_basis"": ""Reported powder ratio; mass basis not explicitly stated."", ""solvent"": ""DMF"", ""applicator_gap_um"": 100, ""dry_temperature_c"": 60.0, ""dry_hours"": null, ""coating_sides"": null, ""electrolyte"": ""1 M LiPF6; EC:DMC:DEC 1:1:1 v/v/v"", ""test_temperature_c"": 65.0}","{""final_thickness"": {""value"": 110, ""unit"": ""um"", ""evidence_id"": ""tian_2024:thickness"", ""conditions"": {""state"": ""after_fabrication""}, ""qualifier"": ""reported""}, ""ionic_conductivity"": {""value"": 2.8, ""unit"": ""mS/cm"", ""evidence_id"": ""tian_2024:conductivity"", ""conditions"": {""temperature_c"": 65.0, ""electrolyte"": ""1 M LiPF6; EC:DMC:DEC 1:1:1 v/v/v"", ""cell"": ""SS symmetric EIS""}, ""qualifier"": ""reported""}}",tian_2024:recipe|tian_2024:base|tian_2024:thickness|tian_2024:electrolyte|tian_2024:conductivity,Applicator setting differs from measured final thickness. Coating side and drying duration are unspecified; failure recipe retained with unspecified geometry. Transference number conflict is quarantined.
tian_2024:CA@BN-200,tian_2024,CA@BN-200,CA_BN_LiPF6_carbonates,context,"{""substrate"": ""calcium_alginate"", ""bn_form"": ""BN_nanopowder"", ""binder"": ""PVDF"", ""bn_binder_ratio"": 4.0, ""ratio_basis"": ""Reported powder ratio; mass basis not explicitly stated."", ""solvent"": ""DMF"", ""applicator_gap_um"": 200, ""dry_temperature_c"": 60.0, ""dry_hours"": null, ""coating_sides"": null, ""electrolyte"": ""1 M LiPF6; EC:DMC:DEC 1:1:1 v/v/v"", ""test_temperature_c"": 65.0}","{""final_thickness"": {""value"": 129, ""unit"": ""um"", ""evidence_id"": ""tian_2024:thickness"", ""conditions"": {""state"": ""after_fabrication""}, ""qualifier"": ""reported""}}",tian_2024:recipe|tian_2024:base|tian_2024:thickness|tian_2024:electrolyte|tian_2024:conductivity,Applicator setting differs from measured final thickness. Coating side and drying duration are unspecified; failure recipe retained with unspecified geometry. Transference number conflict is quarantined.
tian_2024:PP-control,tian_2024,PP-control,CA_BN_LiPF6_carbonates,context,"{""substrate"": ""PP"", ""bn_form"": ""none"", ""binder"": ""none"", ""bn_binder_ratio"": null, ""ratio_basis"": ""Reported powder ratio; mass basis not explicitly stated."", ""solvent"": ""none"", ""applicator_gap_um"": null, ""dry_temperature_c"": null, ""dry_hours"": null, ""coating_sides"": null, ""electrolyte"": ""1 M LiPF6; EC:DMC:DEC 1:1:1 v/v/v"", ""test_temperature_c"": 65.0}","{""ionic_conductivity"": {""value"": 1.28, ""unit"": ""mS/cm"", ""evidence_id"": ""tian_2024:conductivity"", ""conditions"": {""temperature_c"": 65.0, ""electrolyte"": ""1 M LiPF6; EC:DMC:DEC 1:1:1 v/v/v"", ""cell"": ""SS symmetric EIS""}, ""qualifier"": ""reported""}}",tian_2024:recipe|tian_2024:base|tian_2024:thickness|tian_2024:electrolyte|tian_2024:conductivity,Applicator setting differs from measured final thickness. Coating side and drying duration are unspecified; failure recipe retained with unspecified geometry. Transference number conflict is quarantined.
tian_2024:CA@BN-3:1-failure,tian_2024,CA@BN-3:1-failure,CA_BN_LiPF6_carbonates,context,"{""substrate"": ""calcium_alginate"", ""bn_form"": ""BN_nanopowder"", ""binder"": ""PVDF"", ""bn_binder_ratio"": 3.0, ""ratio_basis"": ""Reported powder ratio; mass basis not explicitly stated."", ""solvent"": ""DMF"", ""applicator_gap_um"": null, ""dry_temperature_c"": 60.0, ""dry_hours"": null, ""coating_sides"": null, ""electrolyte"": ""1 M LiPF6; EC:DMC:DEC 1:1:1 v/v/v"", ""test_temperature_c"": 65.0}","{""preparation_outcome"": {""value"": ""failed_pore_clogging"", ""unit"": ""category"", ""evidence_id"": ""tian_2024:recipe"", ""conditions"": {""applicator_gap_um"": null, ""coating_sides"": null}, ""qualifier"": ""reported""}}",tian_2024:recipe|tian_2024:base|tian_2024:thickness|tian_2024:electrolyte|tian_2024:conductivity,Applicator setting differs from measured final thickness. Coating side and drying duration are unspecified; failure recipe retained with unspecified geometry. Transference number conflict is quarantined.
yin_2020:PEO-PVDF,yin_2020,PEO-PVDF,solid_PEO_PVDF_LiTFSI,context,"{""substrate"": ""solid_PEO_PVDF"", ""bn_form"": ""none"", ""bn_weight_pct"": 0, ""loading_basis"": ""no BN added"", ""polymer_salt_ratio"": ""PEO:PVDF:LiTFSI 3:1:1"", ""solvent"": ""NMP"", ""stirring_hours"": 12.0, ""dry_temperature_c"": 80.0, ""dry_hours"": 5.0, ""electrolyte"": ""solid PEO-PVDF-LiTFSI"", ""test_temperature_c"": 70.0}","{""ionic_conductivity"": {""value"": 0.06, ""unit"": ""mS/cm"", ""evidence_id"": ""yin_2020:conductivity"", ""conditions"": {""temperature_c"": 70.0, ""state"": ""after_temperature_step_stabilization""}, ""qualifier"": ""approximate; converted from S/cm""}}",yin_2020:recipe|yin_2020:conductivity,Solid electrolyte: excluded from liquid-wetted separator prediction.
yin_2020:BN-PEO-PVDF,yin_2020,BN-PEO-PVDF,solid_PEO_PVDF_LiTFSI,context,"{""substrate"": ""solid_PEO_PVDF"", ""bn_form"": ""BN_flakes"", ""bn_weight_pct"": 12, ""loading_basis"": ""Reported wt%; denominator not specified"", ""polymer_salt_ratio"": ""PEO:PVDF:LiTFSI 3:1:1"", ""solvent"": ""NMP"", ""stirring_hours"": 12.0, ""dry_temperature_c"": 80.0, ""dry_hours"": 5.0, ""electrolyte"": ""solid PEO-PVDF-LiTFSI"", ""test_temperature_c"": 70.0}","{""ionic_conductivity"": {""value"": 0.2, ""unit"": ""mS/cm"", ""evidence_id"": ""yin_2020:conductivity"", ""conditions"": {""temperature_c"": 70.0, ""state"": ""after_temperature_step_stabilization""}, ""qualifier"": ""approximate; converted from S/cm""}}",yin_2020:recipe|yin_2020:conductivity,Solid electrolyte: excluded from liquid-wetted separator prediction.
hong_2026:HCNF,hong_2026,HCNF,CNF_BNNT_LiPF6_carbonates,context,"{""substrate"": ""cellulose"", ""bn_form"": ""none"", ""bn_weight_pct"": 0, ""loading_basis"": null, ""solvent"": ""IPA:water 95:5 v/v"", ""stirring_hours"": 2.0, ""dry_temperature_c"": 80.0, ""dry_hours"": 48.0, ""electrolyte"": ""1 M LiPF6 + 5 vol% FEC; EC:EMC 3:7 v/v"", ""test_temperature_c"": null}","{""final_thickness"": {""value"": 25, ""unit"": ""um"", ""evidence_id"": ""hong_2026:table2"", ""conditions"": {""state"": ""after_fabrication""}, ""qualifier"": ""reported""}, ""water_contact_angle"": {""value"": 28.45, ""unit"": ""degree"", ""evidence_id"": ""hong_2026:table2"", ""conditions"": {""liquid"": ""water"", ""reported_plus_minus"": 3.34}, ""qualifier"": ""reported""}}",hong_2026:recipe|hong_2026:cell|hong_2026:table2|hong_2026:capacity,Water contact angle is not electrolyte contact angle. Published C-rate degree symbols are typographical; no temperature is inferred.
hong_2026:HBNT-05,hong_2026,HBNT-05,CNF_BNNT_LiPF6_carbonates,context,"{""substrate"": ""cellulose"", ""bn_form"": ""BNNT"", ""bn_weight_pct"": 0.5, ""loading_basis"": ""Reported wt%; denominator not specified"", ""solvent"": ""IPA:water 95:5 v/v"", ""stirring_hours"": 2.0, ""dry_temperature_c"": 80.0, ""dry_hours"": 48.0, ""electrolyte"": ""1 M LiPF6 + 5 vol% FEC; EC:EMC 3:7 v/v"", ""test_temperature_c"": null}","{""final_thickness"": {""value"": 35, ""unit"": ""um"", ""evidence_id"": ""hong_2026:table2"", ""conditions"": {""state"": ""after_fabrication""}, ""qualifier"": ""reported""}, ""water_contact_angle"": {""value"": 50.23, ""unit"": ""degree"", ""evidence_id"": ""hong_2026:table2"", ""conditions"": {""liquid"": ""water"", ""reported_plus_minus"": 3.14}, ""qualifier"": ""reported""}}",hong_2026:recipe|hong_2026:cell|hong_2026:table2|hong_2026:capacity,Water contact angle is not electrolyte contact angle. Published C-rate degree symbols are typographical; no temperature is inferred.
hong_2026:HBNT-10,hong_2026,HBNT-10,CNF_BNNT_LiPF6_carbonates,context,"{""substrate"": ""cellulose"", ""bn_form"": ""BNNT"", ""bn_weight_pct"": 1.0, ""loading_basis"": ""Reported wt%; denominator not specified"", ""solvent"": ""IPA:water 95:5 v/v"", ""stirring_hours"": 2.0, ""dry_temperature_c"": 80.0, ""dry_hours"": 48.0, ""electrolyte"": ""1 M LiPF6 + 5 vol% FEC; EC:EMC 3:7 v/v"", ""test_temperature_c"": null}","{""final_thickness"": {""value"": 35, ""unit"": ""um"", ""evidence_id"": ""hong_2026:table2"", ""conditions"": {""state"": ""after_fabrication""}, ""qualifier"": ""reported""}, ""water_contact_angle"": {""value"": 68.54, ""unit"": ""degree"", ""evidence_id"": ""hong_2026:table2"", ""conditions"": {""liquid"": ""water"", ""reported_plus_minus"": 1.55}, ""qualifier"": ""reported""}}",hong_2026:recipe|hong_2026:cell|hong_2026:table2|hong_2026:capacity,Water contact angle is not electrolyte contact angle. Published C-rate degree symbols are typographical; no temperature is inferred.
hong_2026:PE-control,hong_2026,PE-control,CNF_BNNT_LiPF6_carbonates,context,"{""substrate"": ""PE"", ""bn_form"": ""none"", ""bn_weight_pct"": null, ""loading_basis"": null, ""solvent"": ""none"", ""stirring_hours"": null, ""dry_temperature_c"": null, ""dry_hours"": null, ""electrolyte"": ""1 M LiPF6 + 5 vol% FEC; EC:EMC 3:7 v/v"", ""test_temperature_c"": null}",{},hong_2026:recipe|hong_2026:cell|hong_2026:table2|hong_2026:capacity,Water contact angle is not electrolyte contact angle. Published C-rate degree symbols are typographical; no temperature is inferred.
