source_id,doi,title,url,access,license,use,scope,limitation
kim_2022,10.3390/nano12010011,Boron Nitride Nanotube-Based Separator for High-Performance Lithium-Sulfur Batteries,https://doi.org/10.3390/nano12010011,full_text_xml,CC BY 4.0,facts_and_attributed_text_redistributable,primary_study_extracted,Figures not read; missing text values stay null.
tian_2024,10.3390/molecules29225311,Calcium Alginate Fibers/Boron Nitride Composite Lithium-Ion Battery Separators with Excellent Thermal Stability and Cycling Performance,https://doi.org/10.3390/molecules29225311,full_text_xml,CC BY 4.0,facts_and_attributed_text_redistributable,primary_study_extracted,Figures not read; missing text values stay null.
yin_2020,10.1002/advs.202001303,Thermal Conductive 2D Boron Nitride for High‐Performance All‐Solid‐State Lithium–Sulfur Batteries,https://doi.org/10.1002/advs.202001303,full_text_xml,CC BY 4.0,facts_and_attributed_text_redistributable,primary_study_extracted,Figures not read; missing text values stay null.
hong_2026,10.3390/en19071600,HwBKP CNF Separators Reinforced with Pretreatment-Free BNNTs for Energy Storage Applications,https://doi.org/10.3390/en19071600,full_text_xml,CC BY 4.0,facts_and_attributed_text_redistributable,primary_study_extracted,Figures not read; missing text values stay null.
rodriguez_2020,10.1016/j.jcis.2020.09.009,Engineered heat dissipation and current distribution boron nitride-graphene layer coated on polypropylene separator for high performance lithium metal battery,https://pubmed.ncbi.nlm.nih.gov/33010580/,abstract_only,not_verified,metadata_links_only,screened_lead,PP coating; full methods needed; DOI verified through Europe PMC PMID metadata
rahman_2019,10.1016/j.ensm.2019.03.027,High temperature and high rate lithium-ion batteries with boron nitride nanotubes coated polypropylene separators,https://doi.org/10.1016/j.ensm.2019.03.027,abstract_only,not_verified,metadata_links_only,screened_lead,PP coating; seek permitted manuscript/supplement
sheng_2021,10.1021/acs.nanolett.1c03106,Stabilized Solid Electrolyte Interphase Induced by Ultrathin Boron Nitride Membranes for Safe Lithium Metal Batteries,https://doi.org/10.1021/acs.nanolett.1c03106,abstract_only,not_verified,metadata_links_only,screened_lead,PP/PI coating; methods not extracted
fan_2019,10.1021/acsaem.8b02205,Repelling Polysulfide Ions by Boron Nitride Nanosheet Coated Separators in Lithium-Sulfur Batteries,https://pubs.acs.org/doi/10.1021/acsaem.8b02205,abstract_only,not_verified,metadata_links_only,screened_lead,Purchased full text; seek author manuscript
tin_bn_2025,,Dual-functional TiN/BN@separator for enhanced electrochemical performance and safety of lithium-ion batteries,https://www.sciencedirect.com/science/article/pii/S2352152X25023217,abstract_only,not_verified,metadata_links_only,screened_lead,0.466 mS/cm lacks full recipe/conditions here; not extracted
chen_2017,10.1371/journal.pone.0170523,Polydopamine-functionalized boron nitride in polypropylene composites,https://pmc.ncbi.nlm.nih.gov/articles/PMC5249180/,prior_context_lead,not_verified,metadata_links_only,screened_lead,Bulk polymer thermal conductivity; not separator labels
bouville_2014,10.1111/jace.12653,Boron nitride aqueous dispersion with cellulose,https://arxiv.org/abs/1710.04239,prior_context_lead,not_verified,metadata_links_only,screened_lead,Dispersion context; not separator labels
sleiti_2021,10.1016/j.dib.2021.106881,PAO/hBN measured-viscosity dataset,https://pmc.ncbi.nlm.nih.gov/articles/PMC7907776/,prior_context_lead,not_verified,metadata_links_only,screened_lead,Oil rheology; incompatible endpoint/system
