formula,target,prediction,abs_error
RuI2,1.1619,0.321563833052164,0.840336166947836
HfCl,0.0,0.15523603710672462,0.15523603710672462
TiPb2,0.0,0.013920003326293262,0.013920003326293262
NiSb2,0.0,0.01655436238412122,0.01655436238412122
NdSe3,0.0,0.18556491189978047,0.18556491189978047
SiN,1.4729,1.2220196305118707,0.2508803694881294
Cu2S,0.6943000000000001,0.15019887990789274,0.5441011200921074
SmSe3,0.0,0.12711818009517228,0.12711818009517228
PdF2,0.6479999999999997,0.646459972910073,0.001540027089926732
TaBr2,0.0,0.35823766767452475,0.35823766767452475
NiSb2,0.0,0.055276140078988956,0.055276140078988956
PdF2,0.8651999999999997,1.255883640160155,0.3906836401601552
ScBr3,2.8985999999999996,0.9693765649561794,1.9292234350438202
NO2,1.6399000000000004,1.9597697928466127,0.3198697928466123
InCl,0.9417999999999997,1.8246054576865058,0.8828054576865061
B4Te3,0.21809999999999996,0.44642163867555174,0.22832163867555177
ScBr3,2.214,0.7028680598170929,1.511131940182907
OsI3,0.08289999999999997,0.885496272180538,0.802596272180538
VCl4,0.0,0.8417421472889351,0.8417421472889351
SbPb,0.3671000000000002,0.73152886258667,0.36442886258666984
AlSe,2.1278,1.2210950402661938,0.9067049597338064
Tl2Os,0.0,-0.04151138848158342,0.04151138848158342
CuCl,2.6015,0.7595895285871027,1.8419104714128975
Nb2Se3,0.3641000000000001,0.008121715676116293,0.3559782843238838
AgSe,0.0,0.15275916134683934,0.15275916134683934
Tb5I8,0.0,0.35149620263914644,0.35149620263914644
NiSe,0.0,0.05146861339256172,0.05146861339256172
SnBr2,2.2536,2.1012985458257405,0.15230145417425955
SeF,1.9284999999999997,2.822355367646797,0.8938553676467973
SbC,0.4899000000000001,0.6323422909689834,0.1424422909689833
YBr2,0.0,0.49483666939173876,0.49483666939173876
YBr3,2.8143000000000002,0.9829183097982035,1.8313816902017968
Al2Te,0.5597000000000001,0.47414309893260337,0.08555690106739672
PrS3,0.0,0.31987811076343997,0.31987811076343997
B4S3,0.20489999999999986,1.005394985008726,0.8004949850087262
Te5As2,0.45780000000000004,0.3860471358254721,0.07175286417452792
ZnF2,4.571300000000001,2.3436023276956344,2.2276976723043664
NO2,1.2330000000000005,2.1715058358310646,0.9385058358310641
Bi2S3,1.3075,1.073964573022379,0.23353542697762109
TcF2,0.0,0.8223860755836326,0.8223860755836326
PdBr2,1.2436999999999996,0.8732340368835181,0.3704659631164815
ZrTe2,0.0,0.09377047041365769,0.09377047041365769
CdI2,2.5820999999999996,1.6837948474769648,0.8983051525230348
MnTe2,0.19219999999999993,0.18736847457324693,0.004831525426752997
Y5I8,0.0,0.2930945562414715,0.2930945562414715
IrI2,0.0,0.3975089304871271,0.3975089304871271
Zr3S2,0.0,0.0020877444968411636,0.0020877444968411636
GeI4,0.0,0.30810982393317204,0.30810982393317204
PtSe2,1.5558999999999998,0.710536852445597,0.8453631475544029
EuBi2,0.0047999999999999154,0.02787160437495065,0.023071604374950736
Al2Te,0.4586999999999999,0.47275883778529987,0.014058837785299982
LuGe2,0.0,-0.012719380191668498,0.012719380191668498
GeN,1.3299999999999996,1.2429421293859364,0.08705787061406323
RuBr3,0.022499999999999964,0.5306571728341632,0.5081571728341633
YGe3,0.0,0.06174667484156362,0.06174667484156362
ScI3,1.9634999999999998,0.8154048412123746,1.1480951587876254
ZnF2,4.6651,1.8095360130712583,2.8555639869287415
Bi2C,0.0,0.5736418311729085,0.5736418311729085
Si3Rh,0.0,0.014516291353042957,0.014516291353042957
Bi2S3,1.1042999999999998,0.7607920891342953,0.34350791086570454
CrSe2,0.0,-0.006176499604656549,0.006176499604656549
CI4,0.0,0.047270476651717255,0.047270476651717255
B2S5,0.6774,0.8378084632237589,0.1604084632237589
UCl4,0.19260000000000055,1.2509733066872502,1.0583733066872496
Ca2Bi,0.0,0.07819778666706224,0.07819778666706224
USe5,0.001100000000000101,0.320674756062563,0.3195747560625629
Si3Ir,0.0,0.044913398016917246,0.044913398016917246
SbC,0.6056999999999999,0.7019288028067797,0.09622880280677981
PdBr2,0.10440000000000005,0.32554542676108694,0.2211454267610869
SeF,1.3365999999999998,1.9008785955967278,0.564278595596728
Bi2S3,1.3903,0.9430387086941143,0.44726129130588577
OsBr3,0.04519999999999991,0.7345447951918481,0.6893447951918482
GeN,1.3409999999999997,1.2429421293859364,0.09805787061406335
Nb2Te,0.0,-0.018855164471246983,0.018855164471246983
AlSe,2.0784,1.160522677377281,0.9178773226227188
Tl2O3,0.9471000000000003,1.7873039373844017,0.8402039373844015
GaF,2.9566,1.4226775928785795,1.5339224071214204
RhO2,0.0,0.8770374034116828,0.8770374034116828
AlSe,1.9297,1.137565817585547,0.792134182414453
NF3,0.0,3.6120432413384806,3.6120432413384806
MnI3,0.2581000000000002,0.43612522293783795,0.17802522293783773
Ta3Br8,0.2751999999999999,0.632289575719768,0.35708957571976807
InCl,2.9553000000000003,2.0669790700147224,0.8883209299852779
Al2Se3,2.8606,1.4664017722804163,1.3941982277195835
ZnF2,4.664899999999999,2.6717816207814424,1.993118379218557
HfZn,0.0,-0.01872247136354424,0.01872247136354424
TmF2,0.0,1.8669723071691193,1.8669723071691193
AlP,1.0532999999999997,0.6175644842498863,0.4357355157501134
InCl,2.8946,2.0561120342339745,0.8384879657660256
TiSn2,0.0,0.001520599744003633,0.001520599744003633
YF,0.0,0.33580460070405993,0.33580460070405993
As3Pb,0.41880000000000006,0.2918695353133489,0.12693046468665115
CoCl3,1.2861000000000002,0.7180761053802347,0.5680238946197655
Sr2Bi,0.0,0.03537508189815306,0.03537508189815306
PbI3,1.7547000000000001,1.2316811552531766,0.5230188447468236
NiSb2,0.0,0.1591321475289796,0.1591321475289796
InI3,1.1004,1.9354182016775154,0.8350182016775154
HfBr4,3.0846,1.0021054681552795,2.0824945318447208
CeSn5,0.0,-0.025184076462643812,0.025184076462643812
RhC4,0.0,0.18069402160326242,0.18069402160326242
Sb2Pb,0.3305,0.6501822566990473,0.31968225669904726
La2Pb,0.0,0.009528009103672755,0.009528009103672755
Sn2Ru,0.0,-0.0048282418230427985,0.0048282418230427985
InI3,1.692,1.8735243276702311,0.1815243276702312
TaI4,0.0,0.269642653652399,0.269642653652399
CrI4,0.0,0.05398970344491473,0.05398970344491473
BiPb,0.30380000000000007,0.7382502479145365,0.43445024791453646
B2S5,1.3383999999999998,0.9145120297809552,0.42388797021904456
EuPb2,0.0,-0.022589188232327546,0.022589188232327546
SnBi2,0.5279999999999999,0.5992036366716454,0.07120363667164553
GeBr3,2.0141999999999998,1.892022974875674,0.12217702512432571
SiN3,0.8319999999999999,1.7968749037265535,0.9648749037265536
Te5Ru4,0.0,0.07490268820212251,0.07490268820212251
OsPb2,0.0,0.02292890478911434,0.02292890478911434
Ge4Pd,0.0,0.028574976956070645,0.028574976956070645
PuBr3,0.0,0.8769530820337317,0.8769530820337317
Tc3I8,0.0374000000000001,0.5385519325959109,0.5011519325959108
Re2Br7,0.0,0.11701058245221278,0.11701058245221278
Bi3B,9.999999999976694e-05,0.06683554790412169,0.06673554790412192
SbPb,0.6232000000000002,0.6934887149021448,0.07028871490214461
NO2,0.0,0.36255579917572905,0.36255579917572905
SiBi3,0.0,0.2609115892580293,0.2609115892580293
SnBi3,0.0,0.2742187563423658,0.2742187563423658
Tl2O3,0.3955000000000002,1.094088012900424,0.6985880129004238
GeN3,1.5749000000000002,1.3456786705690282,0.22922132943097195
CuCl,1.3107000000000002,0.7711073533501251,0.539592646649875
P9F2,0.0,1.2117473254042435,1.2117473254042435
AgSe,0.0,0.2120744880653036,0.2120744880653036
Nb2Se3,0.0,0.024330716685936254,0.024330716685936254
Ca5Co,0.0,0.07561206074992781,0.07561206074992781
Si2Os,0.0,-0.01427162581571623,0.01427162581571623
Cr3S4,0.0,-0.08606490177946871,0.08606490177946871
Mg5Ir,0.0,0.12558093182264082,0.12558093182264082
Bi4Cl,0.0,0.419043900740634,0.419043900740634
Cu2S,0.5771999999999999,0.18439384656450264,0.3928061534354973
VCl4,0.0,0.4698643674601516,0.4698643674601516
ScTe3,0.0,-0.044862959728599376,0.044862959728599376
VI5,0.24049999999999994,0.25284648118619085,0.012346481186190916
IrPb4,0.0,0.0946188368766914,0.0946188368766914
BiCl4,0.0,0.8553225380621557,0.8553225380621557
CdI2,2.6978999999999997,1.7988084556678428,0.899091544332157
GaF,2.2382999999999997,1.5504023174574764,0.6878976825425234
PtSe,0.0,0.03729630565903407,0.03729630565903407
CuSe,0.0,0.08137476723584491,0.08137476723584491
YBr2,0.3369,0.5835061157436395,0.24660611574363955
RhF4,0.17929999999999957,1.6114651569169938,1.4321651569169942
NiSe,0.0,0.07512635638336683,0.07512635638336683
AgSe,0.7203000000000004,0.3119885325851106,0.4083114674148898
TiAg,0.0,-0.02488948816146758,0.02488948816146758
VCl4,0.11459999999999981,0.5289624031482154,0.4143624031482156
BaC2,0.4971000000000001,0.2633246751500067,0.23377532484999342
TlI,1.2168999999999999,1.5151352159126588,0.2982352159126589
Re2F7,0.2633000000000001,1.6804637014505088,1.4171637014505087
GaF,2.8418000000000005,2.1048195423426606,0.73698045765734
Be2N,0.0,0.5900895996715481,0.5900895996715481
MnI3,0.0,0.3309842171938271,0.3309842171938271
NF3,6.175199999999999,4.247862000308174,1.927337999691825
CuCl,1.3824,0.6859814666376637,0.6964185333623364
Sc5F8,0.0,0.7225103846362312,0.7225103846362312
YSn3,0.0,0.06734206794283502,0.06734206794283502
CuSe,0.3567,0.05801802629776458,0.2986819737022354
TcSe,0.0,-0.0007095633971597511,0.0007095633971597511
SiN,1.4806000000000001,1.3734240951700638,0.10717590482993633
AlSe,1.6048,1.2416319603282198,0.36316803967178024
CuCl,0.6148999999999998,0.4219532493811011,0.19294675061889865
SiF3,3.8875999999999995,4.565348255546227,0.6777482555462275
Mn2Cl7,0.07540000000000013,0.3672089731795001,0.29180897317949994
ScI3,1.4503,0.47370309007187694,0.976596909928123
HgI2,1.3131,1.5082613157457352,0.19516131574573525
Re2F7,0.04859999999999998,1.3592229241297646,1.3106229241297647
AlP,2.2554,0.7424864035914669,1.512913596408533
Y2F5,0.4460999999999995,1.7474510036031046,1.301351003603105
MnS,0.0,0.024338195357762642,0.024338195357762642
GaP3,0.7487999999999997,0.4667894853854745,0.2820105146145252
V3Cl8,0.22020000000000017,0.6038856765298621,0.38368567652986196
Tl2S3,0.7582,1.3657703456746848,0.6075703456746848
Sc5I8,0.0,0.07311162309777204,0.07311162309777204
B2S,0.5692999999999999,0.9539821060179579,0.38468210601795794
CrTe2,0.0,0.07485026818691624,0.07485026818691624
MoI4,0.0,0.2968990155782869,0.2968990155782869
Si3N4,0.0,2.076298879160341,2.076298879160341
Re2Br7,0.05719999999999992,0.06075695336502917,0.0035569533650292515
BiPb,0.2985,0.7135099990828742,0.41500999908287417
CF3,3.3165,4.657576195442582,1.3410761954425818
PtSe,0.0,0.04193157484945934,0.04193157484945934
TaI4,0.0,0.3505439354282478,0.3505439354282478
MnTe2,0.0,0.14987512711762235,0.14987512711762235
VI5,0.0,0.24018470269299383,0.24018470269299383
B2S,0.05699999999999994,1.0826046589756289,1.025604658975629
TaI4,0.21880000000000033,0.36965154579064013,0.1508515457906398
ZnF2,4.6756,2.7086323078395713,1.9669676921604289
NdSe3,0.0,0.384725747550057,0.384725747550057
HfS,0.0,0.04513962144800121,0.04513962144800121
Tl2O3,0.8277000000000001,1.4492558618133367,0.6215558618133366
I5N,0.0,-0.06820127391476614,0.06820127391476614
CI4,0.6322000000000001,0.39752627920657047,0.23467372079342963
MoSe,0.0,0.00013025968883508942,0.00013025968883508942
Ni3S4,0.0,0.07407513608843819,0.07407513608843819
Cd3As,0.0,0.025238042724796524,0.025238042724796524
BiI5,0.0,0.29227063581238144,0.29227063581238144
Ge3Sb4,0.0,0.3190674530907752,0.3190674530907752
Sn3N4,0.30340000000000006,0.5588640176600154,0.2554640176600153
LuBi2,0.0,-0.01809249263307694,0.01809249263307694
Rb2I,0.0,0.19100056299025095,0.19100056299025095
Te2Ru,0.0,0.2676304271131924,0.2676304271131924
SbBr5,0.15739999999999998,0.0011502518426630068,0.15624974815733697
Sr2Bi,0.0,0.06865523660852423,0.06865523660852423
H3Pd,0.0,0.5918900187056176,0.5918900187056176
Sn3Bi4,0.0,0.27592261641507154,0.27592261641507154
OsSe2,0.0,0.5337023002004182,0.5337023002004182
MoP2,0.027899999999999814,0.03460960261348409,0.006709602613484279
NiH3,0.0,1.1020056129270468,1.1020056129270468
FeSe2,0.0,0.0936010634902683,0.0936010634902683
Te4Pd3,0.0,0.07509428435295352,0.07509428435295352
Te2Ru,0.0,0.12837507356807895,0.12837507356807895
NCl5,0.0,-0.1389183616484358,0.1389183616484358
Si3Rh,0.0,0.032546630826394175,0.032546630826394175
PSe,0.0,0.3883545447084442,0.3883545447084442
Ni3Se4,0.0,0.1005015793169469,0.1005015793169469
Cu2S,0.0,0.13371948933933278,0.13371948933933278
SnBr2,2.4057999999999997,1.9974933850004644,0.40830661499953536
Si3W,0.0,0.038323145660095204,0.038323145660095204
KBe,0.0,0.1550985649846496,0.1550985649846496
Ge3Mo,0.0,0.04730312866250329,0.04730312866250329
PdF2,0.0,0.721375762365698,0.721375762365698
TiTe2,0.0,0.04753619159576207,0.04753619159576207
Tl2S3,0.17200000000000015,0.7655071810715921,0.593507181071592
NF3,0.3324999999999996,0.7510320627066221,0.4185320627066226
SmTe,0.0,0.03200014456258698,0.03200014456258698
BaLi,0.0,0.05407910913137938,0.05407910913137938
OsSe2,0.0,0.12527102794688902,0.12527102794688902
Ca2Bi,0.0,0.08087371177917266,0.08087371177917266
Al2Se3,0.0,0.6336603346021912,0.6336603346021912
PSe,0.0,0.5190184853031606,0.5190184853031606
VCl4,0.0015999999999998238,0.9063359010632462,0.9047359010632464
NO2,0.0,0.4318826720525528,0.4318826720525528
HfBr4,1.2773000000000003,0.7550742231970893,0.522225776802911
Al2Se3,0.0,0.555932285284449,0.555932285284449
Sn3N4,0.39529999999999976,1.23165422754039,0.8363542275403901
PSe,0.0,0.35265934022795875,0.35265934022795875
NO2,0.0,0.41387227329986614,0.41387227329986614
MgCl2,4.6768,5.178126326462073,0.5013263264620731
W4O9,1.6791999999999998,1.150992358058724,0.5282076419412758
FeSe2,0.0,0.34546193034122075,0.34546193034122075
ZrS,0.0,0.09873605961169069,0.09873605961169069
V2O5,1.5097000000000005,0.8480975009754528,0.6616024990245477
WS,0.0,0.026485210282995452,0.026485210282995452
AlSe,0.48629999999999995,1.1628121086960748,0.6765121086960748
SbS,0.0,0.5483808826966327,0.5483808826966327
Sn3I8,0.345,0.9498306604211254,0.6048306604211254
SbS,0.0,0.5126856782161472,0.5126856782161472
C2O5,0.0,1.8702071902274,1.8702071902274
PdBr2,0.09480000000000022,0.6245285415347276,0.5297285415347274
VI5,0.0,-0.07329703478610619,0.07329703478610619
Be2N,0.0,0.22175964550043362,0.22175964550043362
TaI4,0.0,0.3925538144044802,0.3925538144044802
GeI4,0.0,0.4668159791486339,0.4668159791486339
CoSn3,0.0,-0.00014656705772755842,0.00014656705772755842
SbBr5,0.01720000000000077,0.44343620283670543,0.42623620283670466
I5N,0.0,0.0055932410873614676,0.0055932410873614676
NO2,2.3076,1.326845106745609,0.9807548932543908
NO2,0.0,2.317565166422564,2.317565166422564
ZrBi2,0.0,-0.015647559123690202,0.015647559123690202
YbF3,0.007500000000000284,4.145093020909496,4.137593020909495
Si3N4,0.0,1.1173143130195475,1.1173143130195475
HoN2,0.0,0.42435522958052624,0.42435522958052624
Tl2O3,0.2570999999999999,1.8246631280897618,1.567563128089762
PW,0.0,-0.0004129316463667857,0.0004129316463667857
NO2,2.3306999999999993,0.9930129859423953,1.337687014057604
WI5,0.0,0.08681057355618615,0.08681057355618615
WI5,0.0,0.10313370994858037,0.10313370994858037
Al2Se3,0.8347999999999999,0.5464331376287284,0.2883668623712715
NCl5,0.0,-0.2652853536797536,0.2652853536797536
BiBr5,0.0,0.31866321693745425,0.31866321693745425
Nb4O9,0.0,1.1430734300838772,1.1430734300838772
VI5,0.0,0.020264533852047552,0.020264533852047552
InI3,0.5792999999999999,1.8125888821304483,1.2332888821304484
BiBr5,0.0,0.365839598732999,0.365839598732999
Tl2S3,0.027700000000000058,0.38943009234289105,0.361730092342891
NO2,0.0,1.977399953974197,1.977399953974197
Sn3Bi4,1.3944,0.40564850441924505,0.988751495580755
Tl2S3,0.5862,0.6552016980481222,0.06900169804812217
AlSe,0.31169999999999987,1.1396460504062595,0.8279460504062597
Be2N,0.0,0.42932917612859756,0.42932917612859756
Ca2Bi,0.0,0.07824437046208438,0.07824437046208438
Sr2Bi,0.0,0.03546082092610254,0.03546082092610254
Ti2H2O3,0.0,1.5425709775121172,1.5425709775121172
HfTaNO3,2.1169,1.2265400276979384,0.8903599723020614
MgBi,0.0,0.08719784857543379,0.08719784857543379
Sb,0.0,0.27427478558121393,0.27427478558121393
NdAl3Cu,0.0,0.0550563940111932,0.0550563940111932
SnPS3,1.347,1.3564973604911958,0.009497360491195872
Na2Cl,0.0,0.5705528379166768,0.5705528379166768
ZnGeN2,2.0538,1.5543106698862197,0.49948933011378016
V2CoO6,1.5327000000000002,0.9235451696942334,0.6091548303057668
SbS,0.0,0.8976537114332168,0.8976537114332168
CrSe2,0.0,0.038250164300488734,0.038250164300488734
W2N3,0.0,0.2169452663990928,0.2169452663990928
Te,0.0,0.27386382124284764,0.27386382124284764
ZnO2,0.2281000000000004,0.8942150491492735,0.6661150491492731
Ce(SbSe2)2,0.0248999999999997,0.8547206219467437,0.829820621946744
PtSe2,1.3516,0.5544387894401092,0.7971612105598908
Cu2BrO3,0.0,1.093706871823571,1.093706871823571
NiPSe3,0.0,1.0678834109605062,1.0678834109605062
MgGa2,0.0,-0.02411010484393568,0.02411010484393568
Sb,1.2203000000000002,0.39030576807350514,0.829994231926495
AuN2,0.0,0.3656852056757336,0.3656852056757336
HfSe3,0.36029999999999984,0.1468044616235139,0.21349553837648594
Mg6VC,0.0,0.15820743600830667,0.15820743600830667
Be2BO5,0.1783999999999999,1.9949347123562946,1.8165347123562947
Sn3F8,3.3404999999999996,3.373096322747397,0.032596322747397544
SnPS3,2.2014,1.0867324007639239,1.1146675992360762
PbIF,2.3601,2.749786950008392,0.3896869500083917
Zn2SiO4,2.8388999999999998,1.3178018467054498,1.52109815329455
ThBrN,2.5888,0.8352592346762864,1.7535407653237136
AgClO2,1.3769000000000002,1.0283494991448685,0.34855050085513173
CdWO4,3.4299,1.5223799104531512,1.9075200895468487
Cd3P2,0.8441000000000001,0.31169184973926517,0.532408150260735
Ag2IOF,0.8867999999999998,1.6447995922259904,0.7579995922259906
PbBrCl,2.9665000000000004,2.2330565359165404,0.73344346408346
Ge3Sb2O9,3.9732000000000003,2.624444826492604,1.3487551735073962
NdI2,0.0,0.38473201002189916,0.38473201002189916
NdBrO,4.7336,2.775266518108141,1.958333481891859
GaTeCl,2.2963999999999993,2.129397375670167,0.16700262432983237
CaThBr6,1.9820999999999995,1.9524112673206724,0.029688732679327146
ZrIN,1.3413999999999997,1.5149155876207279,0.17351558762072816
Mg(AlS2)2,2.1091,1.2572565116521566,0.8518434883478436
SiTe2,0.0,0.6555625199565658,0.6555625199565658
AlClO,5.8584,2.1853362329993513,3.6730637670006483
HgI2,1.9596,1.470877377262137,0.48872262273786293
Ni2Te3O8,2.5705999999999998,1.6155135633923605,0.9550864366076393
Te2O3F2,3.2906000000000004,3.0015336628505653,0.2890663371494351
AgXeF9,1.3331999999999997,1.1303613331878846,0.20283866681211515
CuBiS2,0.2447999999999999,0.8749836112974753,0.6301836112974754
TbCl,0.0,0.3965593618569485,0.3965593618569485
TlIn(PSe3)2,1.61,1.5146632536207962,0.09533674637920386
Ge(Te2As)2,0.6517999999999999,0.4269653287602438,0.22483467123975615
CrClO,1.8635000000000002,0.93683832265035,0.9266616773496501
PbBrF,3.0495,2.7577221620929353,0.2917778379070648
KFe2S3,0.0,0.5743432892554792,0.5743432892554792
Ge2Te5As2,0.5232,0.36971642770831087,0.15348357229168913
TiTe2,0.0,0.1170046769837901,0.1170046769837901
GdBr3,2.2791,1.1550094782407236,1.1240905217592765
V2O5,2.4337999999999997,1.2251559236499845,1.2086440763500153
Nb2Se3,0.011499999999999844,0.09020536336571224,0.07870536336571239
CaPH3O4,4.6119,4.223666244383035,0.38823375561696505
Bi9I2,0.0,0.04606756162279669,0.04606756162279669
HgI2,1.8584999999999998,1.494822960370308,0.3636770396296918
BiPO4,2.0499,2.169834130827855,0.11993413082785498
TlPbI3,2.0065999999999997,1.7613497890777916,0.2452502109222081
BiTeCl,1.8037,2.155080445666696,0.3513804456666958
MgCl2,6.0688,4.657424097266128,1.4113759027338721
ThI2,0.031100000000000017,0.30659696242246903,0.275496962422469
InGaS3,2.0327,1.0149304586722974,1.0177695413277028
TlI,2.7058,1.5545413056980135,1.1512586943019865
NdBr3,2.9850999999999996,1.440135282456688,1.5449647175433117
Tl2O3,0.6627000000000001,1.2967915355708026,0.6340915355708026
Y2Cl3,0.7872,0.8003783622185036,0.013178362218503548
PPdS,1.1236999999999997,0.6565641586231854,0.4671358413768143
Na2Cl,0.0,0.346666532459044,0.346666532459044
CaP2(HO)4,5.5087,4.51071137443869,0.9979886255613097
FeSn2(CN)6,3.6406000000000005,1.9997116819998704,1.6408883180001301
LiCuCO3,2.0866999999999996,1.5856607891470165,0.5010392108529831
PuBr3,0.0,0.9617900472028919,0.9617900472028919
DyZnPO,1.5089000000000001,0.7476339292837338,0.7612660707162663
Nb3TeI7,0.6069,0.7464897343964149,0.13958973439641487
AgIO3,2.2710999999999997,1.181923598790909,1.0891764012090908
LiCuCO3,2.0964,1.0848284302185078,1.0115715697814922
CrBrO,1.5075000000000003,0.9576060171203266,0.5498939828796737
Ba2Mn3O8,0.0,0.08830824334398232,0.08830824334398232
BiTeIO3,2.4013,2.3830504772202423,0.018249522779757665
Ba2TiO4,1.9356,0.49644488943033593,1.439155110569664
LiCuCO3,2.4556999999999998,1.4054705955807867,1.050229404419213
ZrIN,1.8319999999999999,1.2209244628882543,0.6110755371117456
NaAu(SO4)2,1.8368000000000002,2.5590011278460785,0.7222011278460783
CaCr2F12,1.4047999999999998,2.4491377086612003,1.0443377086612005
HgI2,1.9006000000000003,1.5420098244090197,0.3585901755909806
SnBrF,2.3061999999999996,2.748234601261581,0.44203460126158145
TiPb9O11,2.773,1.903412110648204,0.8695878893517961
MnSb2F12,3.1845,2.259342461841786,0.925157538158214
CoTeO4,1.0546999999999995,1.0020183000118619,0.052681699988137654
Fe(PS3)2,0.06479999999999997,1.0582070895465665,0.9934070895465665
MgCl2,5.3366,4.626592053790392,0.7100079462096076
CdHClO,2.5717999999999996,2.136928074964584,0.4348719250354156
Sr2CrCu2O7,0.0,0.28948543997898035,0.28948543997898035
Mg2Mo3O8,1.4460000000000002,1.0926301773014893,0.3533698226985109
Y2Te5O13,3.0667,2.44595117590223,0.6207488240977699
Bi3Se4,0.0,0.4475292315196883,0.4475292315196883
Sb2Te2Se,0.6395000000000001,0.7342929394055124,0.09479293940551237
BiPPbO5,3.5528,2.422689378137082,1.1301106218629178
Zn,0.0,0.03418905747553618,0.03418905747553618
Si2H2O5,5.7003,3.956186750312116,1.7441132496878842
Mg3Si4(HO6)2,5.3821,2.8906385028932102,2.49146149710679
CoAsS,0.0,0.49140981784364945,0.49140981784364945
Sr2Cu2NiO7,0.0,0.1831467781246591,0.1831467781246591
Si2H2O5,2.8535999999999997,3.7180130240644176,0.8644130240644179
InTeO3F,3.5071000000000003,3.207563433242806,0.2995365667571943
Pb(ClO2)2,1.6046,2.44872994266586,0.8441299426658602
Zn2Cr3O8,0.6058999999999997,0.5797196429275118,0.026180357072487892
Mg(AlSe2)2,1.2177,0.7244492045106682,0.4932507954893318
MgPS3,3.0539999999999994,2.3422154625183382,0.7117845374816612
LiCoPO4,2.9731,1.585616317510252,1.387483682489748
YGe3,0.0,0.010635129636628196,0.010635129636628196
AgO2F,0.0,0.872762722423157,0.872762722423157
Ta2CrO8,0.0,1.2565349291178955,1.2565349291178955
Mg(HO)2,4.0147,3.840657129879505,0.17404287012049524
SnHC2O3,2.5968999999999998,2.6304274506061396,0.03352745060613982
V2Te2O7F2,2.4907,2.048833797904461,0.44186620209553906
ZnSnO2,1.1668,0.6549376818825532,0.5118623181174469
RbReSO3,2.7504,2.8863818779746873,0.1359818779746873
InH5(NF)2,3.8653999999999997,3.381864705242936,0.4835352947570639
K5NO4,0.0,1.1992793387031138,1.1992793387031138
BaP2(HO)4,5.243,4.147788476022012,1.095211523977988
Ta2PdS6,0.16280000000000028,0.11140999412398105,0.05139000587601923
Cd(HO)2,2.2721,1.9590489536844373,0.3130510463155627
Sb,0.0,0.3430235094217731,0.3430235094217731
Te(HO2)2,2.0251,2.571265842974023,0.5461658429740228
Nb3IrSe8,0.0,0.4244319319391184,0.4244319319391184
V2O5,1.7748,1.2617492489191726,0.5130507510808273
Ba4As2O,0.0,0.011194819599757162,0.011194819599757162
Mg(BiO2)2,2.665,1.1299010416308788,1.5350989583691212
CuAgO2,0.0,0.15839715896260886,0.15839715896260886
TiMn3O8,1.6959000000000009,1.247520295781074,0.4483797042189268
BaCr4O8,0.0,0.5119748575136234,0.5119748575136234
Pr4C2Cl5,0.0,0.7134573473686124,0.7134573473686124
CdI2,2.4768,1.7669373544152382,0.7098626455847616
SnSO4,3.958,2.551512700563592,1.4064872994364084
V3H5O8,1.4834,1.7370284676761518,0.25362846767615177
ZnSnO2,2.4425,0.8457487885669798,1.5967512114330202
AgO2F,1.0928000000000004,1.235494901974893,0.14269490197489265
AgClO2,0.013100000000000112,0.2699985035858421,0.256898503585842
SnSO4,4.1899999999999995,2.5841240947476813,1.6058759052523182
MgCl2O,2.5719,4.19156007233071,1.6196600723307104
CaSnS3,0.10299999999999998,0.782390062777487,0.679390062777487
ZnSnO2,0.0,0.5888564403940316,0.5888564403940316
Si2H2O5,5.6211,3.4510417447503814,2.170058255249619
YBr3,4.0441,1.537859112489171,2.5062408875108293
AlP,2.1264999999999996,0.9098209799119709,1.2166790200880286
Na2FeO2,1.2738999999999998,1.8021545339006722,0.5282545339006723
Li3V(OF)2,0.2541,2.332684784778319,2.078584784778319
Cu2As4S3Cl2,1.1627999999999998,0.7258610658198489,0.43693893418015095
MgGeO3,1.7748,1.7721028798549856,0.002697120145014331
Ca(SbO2)4,1.8101,1.3334261532057232,0.4766738467942768
MgBi4O9,1.4286000000000003,2.3858824513283836,0.9572824513283833
NaAsO2,4.2768,2.3376966001260184,1.9391033998739813
La2PI2,0.0,0.31769466999324436,0.31769466999324436
Nb2TeO8,0.7063999999999995,1.5167032687046709,0.8103032687046714
YNiF5,0.0,1.3328154995906665,1.3328154995906665
Ti(BiO3)2,0.0,1.6048272884967925,1.6048272884967925
Ta2Zn2FeO8,2.578,1.2884141578626833,1.2895858421373165
AgClO2,0.18619999999999948,0.7793926508241679,0.5931926508241684
LiNiPO4,0.0,2.007156656697391,2.007156656697391
SrTa2Bi2O9,2.2875,1.2559049810204082,1.031595018979592
LiSnPO4,0.0,2.6442550123755306,2.6442550123755306
Th(TeI)2,1.4586000000000001,0.8707061595410758,0.5878938404589243
HgH2NCl,2.3038,2.745222818715506,0.44142281871550626
MgCl2,5.4756,5.05077959041119,0.4248204095888104
PrS3,0.0,0.528339581615978,0.528339581615978
FeCo3O8,0.0,1.0437796751111408,1.0437796751111408
PbBrCl,2.3673,2.061968654351862,0.30533134564813835
LiCo5O5F,0.0,0.34795143213843094,0.34795143213843094
Hg3AsS4Cl,2.1443,1.5476691662680704,0.5966308337319295
BaMn4O8,0.0,0.6929263565801357,0.6929263565801357
PbClF,2.9023999999999996,3.082826590976749,0.1804265909767495
GdBrO,2.9656000000000002,2.7946451439989874,0.1709548560010128
WF4,3.3650999999999995,1.603044343606113,1.7620556563938865
AgClO2,1.2302,0.7581675214792594,0.4720324785207406
LuIO,3.3049,2.6187331163458003,0.6861668836541996
LiB(HO2)2,3.5957999999999997,4.10206592579922,0.5062659257992204
Ni(PS3)2,0.4575,1.1961821191148643,0.7386821191148643
YMnF5,0.3841999999999999,1.3378009703793685,0.9536009703793686
V2O5,2.4589,1.156176967954692,1.3027230320453078
Ba(FeO2)4,0.0,0.7014431460272812,0.7014431460272812
Cu3Se2(ClO3)2,0.0,0.7995238387828373,0.7995238387828373
LiNiPO4,2.7131999999999996,2.186111007151389,0.5270889928486104
Si3Ir,0.0,0.048312837152742795,0.048312837152742795
Ti(GaO2)4,1.4095,0.7019650083469433,0.7075349916530567
NaHO,2.5953,2.749501632071746,0.1542016320717461
ErClO,5.2989999999999995,3.4361284564652714,1.862871543534728
Li2CeP2,0.9071999999999999,0.14078225359363206,0.7664177464063678
Sr2TaCu2O7,0.0,0.645571351953904,0.645571351953904
NaSbF4,4.528499999999999,3.3368423545746575,1.1916576454253418
In3SbTe2,0.0,0.33118784340416774,0.33118784340416774
GaTeI7,1.9303000000000003,1.760865872211407,0.16943412778859335
CuSe,0.0,0.10577215059173359,0.10577215059173359
FeTeCl7,1.2679,1.1823969007646982,0.08550309923530186
Li4CO4,3.3461000000000003,2.9864550223648996,0.3596449776351007
Ca5Ir,0.0,0.10722790564505486,0.10722790564505486
Bi2PdO4,0.492,0.8982297683743486,0.40622976837434865
CuClO2,0.7812999999999999,0.5749552014215209,0.20634479857847898
Re3(TeBr)7,1.1539000000000001,1.2845273469076366,0.13062734690763644
NdTeBrO3,0.5289000000000001,0.9975411745816316,0.46864117458163146
Zn2Sn3O8,2.1774,2.142637609751889,0.0347623902481109
LaIO,3.367,2.9595322562122526,0.4074677437877474
NiSe,0.0,0.09168022600549829,0.09168022600549829
Li2Mn3F8,3.8441,2.42439999171908,1.4197000082809201
CuTe2Br,0.8130000000000002,0.8313695109229837,0.018369510922983556
Li4Fe(PO4)2,4.1115,2.381906174677694,1.7295938253223064
Ni(WO4)2,1.2930000000000001,1.6095798167132285,0.3165798167132283
Ba2ZrS4,0.0,0.28863682824816983,0.28863682824816983
V2O5,1.5077999999999996,1.036109464128619,0.47169053587138055
Nb3Cl8,0.23690000000000033,0.6050990962560853,0.36819909625608493
LiNiPO4,2.0332000000000003,1.7106480815903653,0.32255191840963504
AgClO2,0.0,1.027207379539006,1.027207379539006
LiCoPO4,2.7095000000000002,1.9611511584553665,0.7483488415446338
Sc7(CCl5)2,0.0,0.40423050510325625,0.40423050510325625
GePbS3,2.2182,1.387771763838317,0.830428236161683
VCuO4,0.2903000000000002,1.146693591050379,0.8563935910503788
Sr2Cu2SnO7,0.0,0.4170067828019554,0.4170067828019554
Li(CoO2)2,0.0,0.5802939037708672,0.5802939037708672
BaTl(MoO3)2,0.0,0.022244754297884386,0.022244754297884386
V4O9,0.0038000000000000256,1.3348674779511809,1.3310674779511809
NaHO,2.8337999999999997,2.740419440962463,0.0933805590375365
Te,0.0,0.2725077869287245,0.2725077869287245
Sr2Cu2MoO7,0.0,0.23037334194485368,0.23037334194485368
MgCl2,4.574800000000001,4.984805935030651,0.4100059350306502
Ta2CS2,0.022099999999999786,0.0549666254183257,0.03286662541832591
MgV4O10,0.8696000000000002,1.137316031376791,0.2677160313767908
Gd2CCl2,0.4931000000000001,0.42335623569531355,0.06974376430468654
NbTeI3,0.5800999999999998,0.9427215036531479,0.36262150365314805
Cd(HO)2,2.0792,2.2633628749874295,0.18416287498742934
NaAsO2,4.3315,2.3153937922772747,2.0161062077227254
Ta(WO4)2,2.5046,2.043192029274592,0.46140797072540796
CaSnS3,0.29120000000000035,0.8249341828867606,0.5337341828867602
Sr2GaSb2O7,0.20540000000000003,1.7907471540812339,1.5853471540812338
As2Pb2O5,3.0113,2.2689070311763966,0.7423929688236033
CuHgO2,0.0,0.3434145424557976,0.3434145424557976
PPdS,0.0,0.5747323989835943,0.5747323989835943
H5W,0.0,0.5166829441128301,0.5166829441128301
MnSbO4,1.3221000000000003,0.9333757530509077,0.3887242469490926
Na2UI6,0.27149999999999963,1.5853572641481841,1.3138572641481845
Nb3I8,0.29310000000000014,0.40750398535753407,0.11440398535753393
V(CO3)2,1.4628000000000005,2.1821500478326152,0.7193500478326147
Si3N4,2.0140000000000002,2.1657450952782487,0.15174509527824842
UTe5,0.0020999999999999908,0.19797615153869283,0.19587615153869284
Li2WS4,2.2883,2.513132118129734,0.22483211812973414
Zn2Ni3O8,0.9456000000000002,0.8287871096391015,0.1168128903608987
NaTlO,0.09679999999999989,0.5398026758829787,0.4430026758829788
YbIO,0.0,3.015062796588548,3.015062796588548
LiNiPO4,3.7120999999999995,1.8694650479458317,1.8426349520541678
K2GeTe4,1.0579,0.9541867494612541,0.10371325053874592
InBi2Se4Br,1.4497999999999998,1.5595611365615574,0.10976113656155762
CuHgSeBr,0.9406000000000001,0.8475023332989648,0.09309766670103525
LiFe2F5,2.8238000000000003,2.3731548752593667,0.45064512474063356
CaSnS3,1.7649999999999997,0.8248608882334577,0.940139111766542
Bi4I,0.0,0.06988462385451957,0.06988462385451957
V2O5,2.3522,1.4761878183911263,0.8760121816088735
NaH3C2O5,3.1950000000000003,4.056526184437415,0.8615261844374151
V3H5O8,1.66,1.706468278176034,0.04646827817603416
Cu3Se2(ClO3)2,0.058399999999999785,0.6969362775021959,0.6385362775021961
La2Br5,0.4123999999999999,1.1720251943267512,0.7596251943267514
MgH4(NO4)2,3.5682000000000005,3.7368674151551304,0.16866741515512995
SrPH3O4,4.4393,4.248181157460583,0.19111884253941724
Li2CrP4O13,0.6505000000000001,2.6802532790718723,2.029753279071872
Te6MoBr3,1.1226,0.9416100914268543,0.18098990857314579
LiNiPO4,2.5329999999999995,1.7697742482930214,0.763225751706978
NaH4BrO2,3.8636,3.3609183383203005,0.5026816616796994
Mg(HO)2,3.5454,3.334201897216856,0.21119810278314377
Bi2S3,1.4830999999999999,0.8787021525181918,0.604397847481808
ZnSnO2,1.9708999999999999,0.6594664632724139,1.311433536727586
Mn2OF4,0.6672000000000002,0.8214056853727517,0.15420568537275148
ZnC2(SN)2,3.8952,2.1000963957260486,1.7951036042739514
AgRuF7,0.0,1.5884206194751094,1.5884206194751094
Ag2PdCl4,1.2462,1.1768709364018286,0.06932906359817137
Sc6C2I11,0.3861999999999999,0.5281490402768857,0.14194904027688582
CuSi2P3,0.0,0.2891522373791611,0.2891522373791611
LaTe2Se,0.0,0.5169218635857561,0.5169218635857561
LiCoPO4,0.0,0.5935609668223136,0.5935609668223136
V2O5,2.617,1.621718916634002,0.995281083365998
Li2Mo(PO4)2,0.0,1.1759646648074928,1.1759646648074928
Te(HO2)2,1.9849000000000006,2.576583105093513,0.5916831050935123
GdBr,0.0,0.21813960868203428,0.21813960868203428
Sn3Pd,0.0,0.06368935496226405,0.06368935496226405
Li2V(CO3)3,2.6002,2.5079339449251594,0.09226605507484065
Li2CrP4O13,0.34399999999999986,2.2900944405820556,1.9460944405820557
CaMoAsO5,1.3381999999999998,2.0556572472952683,0.7174572472952685
Na2UI6,0.039000000000000146,1.7257275883492658,1.6867275883492656
Sn,0.0007999999999999119,0.12320139295627258,0.12240139295627267
Sn,0.0,0.1532708190733417,0.1532708190733417
Pd,0.0,-0.029280367668599722,0.029280367668599722
Mg,0.0,0.1626327047667593,0.1626327047667593
Sb,0.0,0.3452783696682375,0.3452783696682375
Sb,0.9075,0.27210710544255645,0.6353928945574435
Sn,0.0,0.11859574322912715,0.11859574322912715
Sn,0.0,0.13116168736318598,0.13116168736318598
TbSn2,0.0,0.002646913319507814,0.002646913319507814
In3Os2,0.0,0.0002692868367546613,0.0002692868367546613
Sr3Sn,0.17110000000000003,0.01735804934874968,0.15374195065125035
CaN2,0.07830000000000004,0.6078198372752763,0.5295198372752763
ScP2,0.0,-0.026064018046011894,0.026064018046011894
BaN,0.0,0.2621320371664583,0.2621320371664583
SmSn5,0.0,0.03317096317082324,0.03317096317082324
YbF3,0.0,4.156992559967978,4.156992559967978
YC5,0.0,0.08333010622311647,0.08333010622311647
ScAs2,0.0,-0.027407781712112386,0.027407781712112386
Ge2O,0.0,0.8265983213455717,0.8265983213455717
DySe3,0.0,-0.005025524229843413,0.005025524229843413
Mg2C,0.11580000000000013,0.4813459688760206,0.3655459688760205
NaPb2,0.0,0.03137832359553732,0.03137832359553732
SiTe2,0.28059999999999996,0.7253019947579089,0.44470199475790895
Si3Sb,0.0,0.29200229481675605,0.29200229481675605
HoSe3,0.0,-0.005025524229843413,0.005025524229843413
PdF2,0.8389999999999995,0.549412616810701,0.28958738318929855
Tl2S3,0.4496000000000002,1.1083123838851832,0.6587123838851829
SbS,0.9122000000000001,1.0071422093682747,0.09494220936827458
InPt2,0.0,-0.01403682464437804,0.01403682464437804
LiBr,4.665100000000001,3.2680411167330767,1.397058883266924
Rb2I,0.0015000000000000568,0.32534720023932384,0.3238472002393238
TbSi2,0.0,0.06494912562557263,0.06494912562557263
NpS3,0.0,-0.2188293937614755,0.2188293937614755
LaAs2,0.0,0.008575477446339849,0.008575477446339849
LaI,0.0,0.26466369492100966,0.26466369492100966
PSe,1.5177,0.7743246586614986,0.7433753413385015
Al2Se3,0.7675999999999998,1.031297954689573,0.26369795468957324
DyBi2,0.0,-0.015304049486287736,0.015304049486287736
Ca2Ge,0.043400000000000105,0.21556018483281514,0.17216018483281503
CdO,0.8237999999999999,0.7907448629272581,0.03305513707274177
Bi2C,0.6063999999999999,0.7053640593117205,0.09896405931172059
RhO2,0.0,0.6301631351482208,0.6301631351482208
SrCe,0.0,0.016828086625648695,0.016828086625648695
NiSb2,0.0,0.1492468701672826,0.1492468701672826
BaC2,0.0,0.2554894748885191,0.2554894748885191
ThRh5,0.0,0.10179837016373681,0.10179837016373681
Ba3C,0.0,0.25350893086134596,0.25350893086134596
ScTe3,0.0,0.05746451375021863,0.05746451375021863
NaC2,0.0,0.19495445075191686,0.19495445075191686
BaBe,0.0,-0.002568432434884766,0.002568432434884766
KBi3,0.0,-0.005975625210671429,0.005975625210671429
Ba5Ce,0.0,0.00026986108296088657,0.00026986108296088657
Ca2Sn,0.0,0.08626373317182827,0.08626373317182827
PtSe,0.0,0.05086023865981548,0.05086023865981548
PtSe,0.0,0.061080399322116875,0.061080399322116875
